{"current_episode": 192, "scores": [0.17999999597668648, 1.81999995931983, 0.17999999597668648, 0.04999999888241291, 0.07999999821186066, 1.099999975413084, 1.1099999751895666, 0.9399999789893627, 0.8599999807775021, 0.8999999798834324, 2.349999947473407, 0.3299999926239252, 0.20999999530613422, 0.35999999195337296, 0.2199999950826168, 0.7199999839067459, 0.5299999881535769, 0.9299999792128801, 0.6299999859184027, 0.9499999787658453, 0.8499999810010195, 0.9699999783188105, 0.03999999910593033, 0.979999978095293, 0.7199999839067459, 1.8499999586492777, 0.4499999899417162, 1.029999976977706, 2.009999955072999, 0.9899999778717756, 1.9699999559670687, 2.3799999468028545, 0.6199999861419201, 1.1899999734014273, 0.5399999879300594, 1.5899999644607306, 0.11999999731779099, 0.19999999552965164, 0.4599999897181988, 1.3199999704957008, 1.0499999765306711, 0.549999987706542, 1.8099999595433474, 0.669999985024333, 1.169999973848462, 0.9199999794363976, 1.5499999653548002, 0.6399999856948853, 0.6899999845772982, 0.6199999861419201, 1.1099999751895666, 1.529999965801835, 0.7199999839067459, 0.6399999856948853, 0.4999999888241291, 2.419999945908785, 1.0899999756366014, 0.47999998927116394, 0.549999987706542, 0.6199999861419201, 1.4499999675899744, 1.3799999691545963, 0.0, 0.549999987706542, 0.669999985024333, 0.8199999816715717, 0.789999982342124, 0.6999999843537807, 2.0499999541789293, 1.0899999756366014, 0.9299999792128801, 1.169999973848462, 0.8699999805539846, 0.3999999910593033, 0.2799999937415123, 0.5699999872595072, 0.46999998949468136, 0.2199999950826168, 0.549999987706542, 1.3499999698251486, 0.8599999807775021, 1.029999976977706, 0.25999999418854713, 0.3899999912828207, 1.0399999767541885, 0.5699999872595072, 1.0799999758601189, 0.23999999463558197, 0.20999999530613422, 1.289999971166253, 0.4899999890476465, 0.6599999852478504, 0.7999999821186066, 1.149999974295497, 1.529999965801835, 1.839999958872795, 0.7699999827891588, 0.47999998927116394, 0.25999999418854713, 0.5299999881535769, 0.8499999810010195, 0.5999999865889549, 0.4899999890476465, 1.4299999680370092, 0.17999999597668648, 1.149999974295497, 0.5199999883770943, 0.6499999854713678, 0.5899999868124723, 1.4199999682605267, 1.7599999606609344, 0.6299999859184027, 0.6599999852478504, 0.3799999915063381, 1.339999970048666, 0.9899999778717756, 0.1599999964237213, 0.8599999807775021, 1.8299999590963125, 0.35999999195337296, 1.4699999671429396, 1.1399999745190144, 0.41999999061226845, 0.8299999814480543, 1.289999971166253, 0.7399999834597111, 0.2699999939650297, 0.6299999859184027, 1.2799999713897705, 0.7699999827891588, 0.13999999687075615, 1.0799999758601189, 1.2999999709427357, 0.5399999879300594, 0.8899999801069498, 1.3799999691545963, 0.1699999962002039, 0.2299999948590994, 0.5899999868124723, 1.0399999767541885, 1.8999999575316906, 1.149999974295497, 1.3599999696016312, 1.459999967366457, 0.2699999939650297, 1.9899999555200338, 0.8099999818950891, 0.9199999794363976, 1.269999971613288, 1.81999995931983, 0.5099999886006117, 0.669999985024333, 0.549999987706542, 0.4399999901652336, 0.4399999901652336, 0.7799999825656414, 0.41999999061226845, 0.2199999950826168, 1.4799999669194221, 0.7799999825656414, 1.7999999597668648, 0.3299999926239252, 0.789999982342124, 0.3499999921768904, 0.6299999859184027, 1.169999973848462, 2.0699999537318945, 0.29999999329447746, 1.0799999758601189, 2.249999949708581, 0.30999999307096004, 1.7899999599903822, 0.7499999832361937, 1.1899999734014273, 0.7499999832361937, 1.1399999745190144, 0.4499999899417162, 0.8299999814480543, 0.5899999868124723, 1.3999999687075615, 0.9199999794363976, 0.19999999552965164, 0.8799999803304672, 0.9899999778717756, 0.9299999792128801, 0.7199999839067459, 0.1599999964237213, 1.0699999760836363, 0.6299999859184027, 1.0399999767541885, 1.2999999709427357, 0.11999999731779099]}