{"current_episode": 120, "scores": [0.7599999830126762, 0.6099999863654375, 0.3399999924004078, 0.08999999798834324, 0.0, 0.0, 0.18999999575316906, 0.2699999939650297, 0.6499999854713678, 0.8899999801069498, 0.669999985024333, 0.4899999890476465, 2.43999994546175, 0.8099999818950891, 0.6899999845772982, 1.4199999682605267, 0.8699999805539846, 0.6299999859184027, 0.7599999830126762, 0.8199999816715717, 1.4799999669194221, 1.1799999736249447, 0.3499999921768904, 0.5299999881535769, 0.5699999872595072, 0.6799999848008156, 0.5399999879300594, 1.81999995931983, 0.5099999886006117, 0.8599999807775021, 0.6399999856948853, 0.8199999816715717, 0.8799999803304672, 0.0, 0.1099999975413084, 1.1799999736249447, 1.219999972730875, 1.4999999664723873, 1.4499999675899744, 1.3699999693781137, 0.7099999841302633, 0.9399999789893627, 0.6799999848008156, 1.1899999734014273, 0.36999999172985554, 1.5999999642372131, 0.35999999195337296, 1.289999971166253, 0.5199999883770943, 0.6999999843537807, 0.8799999803304672, 1.0599999763071537, 1.0599999763071537, 0.7199999839067459, 0.9599999785423279, 0.47999998927116394, 1.0899999756366014, 0.7499999832361937, 1.1099999751895666, 0.3499999921768904, 0.6199999861419201, 1.0499999765306711, 1.7299999613314867, 1.2499999720603228, 1.339999970048666, 1.2099999729543924, 0.8199999816715717, 1.7099999617785215, 0.0, 0.2699999939650297, 0.6599999852478504, 1.6299999635666609, 0.46999998949468136, 1.2399999722838402, 1.4999999664723873, 0.06999999843537807, 2.779999937862158, 0.42999999038875103, 1.3599999696016312, 0.7099999841302633, 1.769999960437417, 0.9499999787658453, 1.2499999720603228, 0.7099999841302633, 0.35999999195337296, 0.40999999083578587, 0.7999999821186066, 1.9899999555200338, 2.249999949708581, 1.4899999666959047, 0.2699999939650297, 0.7199999839067459, 0.9699999783188105, 0.4899999890476465, 1.0499999765306711, 0.7199999839067459, 0.6899999845772982, 1.4199999682605267, 1.2399999722838402, 0.2899999935179949, 0.29999999329447746, 0.2799999937415123, 1.579999964684248, 0.5899999868124723, 1.389999968931079, 0.5899999868124723, 0.8299999814480543, 0.29999999329447746, 1.9799999557435513, 0.8799999803304672, 0.7099999841302633, 0.5699999872595072, 0.9699999783188105, 0.1699999962002039, 0.0, 0.9999999776482582, 0.5599999874830246, 0.23999999463558197, 0.6199999861419201, 0.8799999803304672]}