{"current_episode": 24, "scores": [0.0, 0.24999999441206455, 0.669999985024333, 0.42999999038875103, 1.8599999584257603, 0.19999999552965164, 0.6199999861419201, 0.4399999901652336, 0.14999999664723873, 0.669999985024333, 0.47999998927116394, 0.6199999861419201, 0.6099999863654375, 1.4499999675899744, 0.20999999530613422, 0.2899999935179949, 0.8899999801069498, 0.1099999975413084, 0.20999999530613422, 0.8899999801069498, 0.789999982342124, 0.9399999789893627, 0.30999999307096004, 0.20999999530613422]}