{"current_episode": 249, "scores": [0.20999999530613422, 1.1599999740719795, 0.8499999810010195, 1.1599999740719795, 0.4599999897181988, 0.5099999886006117, 0.7399999834597111, 0.5099999886006117, 0.42999999038875103, 0.17999999597668648, 0.5999999865889549, 1.7199999615550041, 0.6499999854713678, 1.1299999747425318, 0.8499999810010195, 1.0799999758601189, 0.3899999912828207, 1.7099999617785215, 0.18999999575316906, 1.1799999736249447, 0.2699999939650297, 0.18999999575316906, 0.5399999879300594, 0.1599999964237213, 0.8199999816715717, 0.7699999827891588, 0.36999999172985554, 1.3199999704957008, 0.8599999807775021, 1.3499999698251486, 0.5699999872595072, 0.669999985024333, 0.6299999859184027, 0.7099999841302633, 0.5699999872595072, 0.7999999821186066, 0.5699999872595072, 0.5799999870359898, 0.2699999939650297, 0.7699999827891588, 0.19999999552965164, 0.29999999329447746, 0.2199999950826168, 0.17999999597668648, 0.40999999083578587, 0.3499999921768904, 0.7499999832361937, 0.0, 0.2899999935179949, 0.2899999935179949, 0.0, 0.6199999861419201, 0.2299999948590994, 0.3399999924004078, 0.29999999329447746, 0.1699999962002039, 0.549999987706542, 0.3299999926239252, 0.3999999910593033, 0.3799999915063381, 0.9299999792128801, 0.35999999195337296, 0.3499999921768904, 1.099999975413084, 1.0199999772012234, 0.5399999879300594, 0.669999985024333, 0.8399999812245369, 0.2799999937415123, 0.9299999792128801, 0.6499999854713678, 0.3499999921768904, 0.6999999843537807, 0.1099999975413084, 0.30999999307096004, 0.3799999915063381, 0.13999999687075615, 0.20999999530613422, 0.8299999814480543, 0.6599999852478504, 0.7499999832361937, 0.4899999890476465, 0.05999999865889549, 0.0, 0.5599999874830246, 0.1599999964237213, 0.0, 0.3799999915063381, 0.8099999818950891, 0.0, 0.0, 0.6599999852478504, 0.7999999821186066, 0.4599999897181988, 1.3799999691545963, 0.0, 1.2299999725073576, 0.2299999948590994, 0.3399999924004078, 0.2799999937415123, 0.6199999861419201, 0.0, 0.3199999928474426, 0.3799999915063381, 0.23999999463558197, 0.0, 0.5199999883770943, 0.29999999329447746, 0.4399999901652336, 0.5899999868124723, 0.3499999921768904, 0.1699999962002039, 0.0, 0.2299999948590994, 0.3299999926239252, 0.07999999821186066, 1.2999999709427357, 0.8399999812245369, 0.46999998949468136, 0.0, 0.5799999870359898, 0.0, 0.3899999912828207, 0.5799999870359898, 0.0, 0.7599999830126762, 0.0, 0.0, 0.20999999530613422, 0.0, 0.09999999776482582, 0.6099999863654375, 0.5699999872595072, 0.0, 0.2199999950826168, 0.0, 0.0, 0.2799999937415123, 0.4899999890476465, 0.0, 0.4399999901652336, 0.18999999575316906, 1.5999999642372131, 0.0, 0.1099999975413084, 0.5899999868124723, 0.19999999552965164, 0.0, 0.19999999552965164, 0.9999999776482582, 0.3399999924004078, 0.35999999195337296, 0.0, 0.0, 0.0, 1.1399999745190144, 0.2699999939650297, 0.3399999924004078, 0.2199999950826168, 0.17999999597668648, 0.35999999195337296, 0.0, 0.0, 0.0, 0.0, 0.0, 0.909999979659915, 0.8399999812245369, 0.09999999776482582, 0.25999999418854713, 0.0, 0.18999999575316906, 0.2299999948590994, 0.0, 0.0, 0.3399999924004078, 0.2199999950826168, 0.11999999731779099, 0.3499999921768904, 0.07999999821186066, 0.3199999928474426, 0.009999999776482582, 1.099999975413084, 0.6199999861419201, 0.2299999948590994, 0.0, 0.0, 0.06999999843537807, 0.5599999874830246, 0.0, 0.29999999329447746, 0.0, 0.5099999886006117, 0.1699999962002039, 0.6199999861419201, 0.0, 0.0, 0.0, 0.29999999329447746, 0.2899999935179949, 0.07999999821186066, 0.0, 0.46999998949468136, 0.24999999441206455, 0.47999998927116394, 0.36999999172985554, 0.9199999794363976, 0.0, 0.2299999948590994, 0.35999999195337296, 0.0, 0.0, 0.3999999910593033, 0.0, 0.2799999937415123, 0.05999999865889549, 0.29999999329447746, 0.2199999950826168, 1.0499999765306711, 0.2299999948590994, 0.3799999915063381, 0.07999999821186066, 0.6599999852478504, 0.0, 0.3899999912828207, 0.47999998927116394, 0.0, 0.5399999879300594, 0.17999999597668648, 0.8899999801069498, 1.1599999740719795, 0.7499999832361937, 0.0, 0.0, 0.7499999832361937, 0.46999998949468136, 0.4399999901652336, 0.7699999827891588, 0.7699999827891588, 0.35999999195337296, 0.29999999329447746, 0.17999999597668648, 0.17999999597668648, 1.0899999756366014, 0.36999999172985554, 0.979999978095293, 0.19999999552965164, 0.09999999776482582, 0.17999999597668648]}