{"current_episode": 39, "scores": [0.0, 0.41999999061226845, 1.3299999702721834, 0.5799999870359898, 0.9399999789893627, 0.5099999886006117, 0.8099999818950891, 0.8999999798834324, 0.3399999924004078, 1.2299999725073576, 0.5399999879300594, 0.669999985024333, 0.14999999664723873, 0.4499999899417162, 0.42999999038875103, 0.979999978095293, 0.5299999881535769, 1.0099999774247408, 0.46999998949468136, 0.6999999843537807, 1.1999999731779099, 0.4399999901652336, 0.4499999899417162, 1.6199999637901783, 0.0, 0.0, 1.3699999693781137, 0.8899999801069498, 0.0, 0.789999982342124, 0.0, 0.3399999924004078, 0.46999998949468136, 0.9399999789893627, 0.4399999901652336, 0.7599999830126762, 0.4899999890476465, 0.3199999928474426, 0.0]}