{"current_episode": 33, "scores": [1.149999974295497, 0.3899999912828207, 1.7599999606609344, 1.1599999740719795, 0.7299999836832285, 1.1899999734014273, 0.5599999874830246, 0.789999982342124, 0.40999999083578587, 0.7199999839067459, 0.3299999926239252, 0.0, 0.2899999935179949, 0.9499999787658453, 0.18999999575316906, 0.4399999901652336, 0.09999999776482582, 0.46999998949468136, 0.5099999886006117, 0.669999985024333, 1.2599999718368053, 0.1099999975413084, 0.8799999803304672, 0.6099999863654375, 0.0, 0.46999998949468136, 0.5099999886006117, 2.4099999461323023, 0.5799999870359898, 0.549999987706542, 0.4399999901652336, 0.2699999939650297, 0.8499999810010195]}