{"current_episode": 60, "scores": [0.9999999776482582, 0.9599999785423279, 1.7999999597668648, 0.5299999881535769, 0.8099999818950891, 0.4599999897181988, 0.2899999935179949, 0.5999999865889549, 1.4299999680370092, 0.3299999926239252, 0.7399999834597111, 0.2199999950826168, 0.1599999964237213, 0.3499999921768904, 0.7599999830126762, 0.42999999038875103, 0.46999998949468136, 1.3799999691545963, 0.04999999888241291, 0.41999999061226845, 0.7699999827891588, 0.4499999899417162, 0.9999999776482582, 0.2299999948590994, 0.7599999830126762, 0.8799999803304672, 0.5699999872595072, 0.5799999870359898, 0.7799999825656414, 0.2299999948590994, 0.549999987706542, 0.11999999731779099, 0.4999999888241291, 0.6799999848008156, 0.1599999964237213, 0.46999998949468136, 0.24999999441206455, 0.8599999807775021, 0.05999999865889549, 0.9299999792128801, 0.06999999843537807, 0.6899999845772982, 0.0, 0.29999999329447746, 0.5599999874830246, 0.1599999964237213, 0.3199999928474426, 0.7799999825656414, 1.1399999745190144, 0.7799999825656414, 0.4499999899417162, 0.3999999910593033, 0.47999998927116394, 0.6799999848008156, 0.9899999778717756, 0.4399999901652336, 0.8599999807775021, 0.3499999921768904, 0.669999985024333, 0.11999999731779099]}