{"current_episode": 30, "scores": [0.6599999852478504, 0.5799999870359898, 1.0699999760836363, 0.47999998927116394, 1.3299999702721834, 2.179999951273203, 0.5399999879300594, 0.4899999890476465, 0.8099999818950891, 0.8499999810010195, 0.9699999783188105, 0.3399999924004078, 0.25999999418854713, 0.29999999329447746, 0.6199999861419201, 0.5799999870359898, 0.7999999821186066, 0.5799999870359898, 0.3499999921768904, 0.2899999935179949, 0.23999999463558197, 0.47999998927116394, 1.099999975413084, 0.7799999825656414, 0.549999987706542, 1.6099999640136957, 1.2099999729543924, 0.2699999939650297, 0.06999999843537807, 0.5599999874830246]}