{"current_episode": 48, "scores": [0.4999999888241291, 1.0599999763071537, 0.789999982342124, 1.3599999696016312, 0.4399999901652336, 0.0, 1.1799999736249447, 0.979999978095293, 0.0, 0.24999999441206455, 0.9599999785423279, 0.6999999843537807, 0.5399999879300594, 0.7299999836832285, 0.3499999921768904, 0.05999999865889549, 0.2699999939650297, 1.4399999678134918, 0.4399999901652336, 0.03999999910593033, 0.8399999812245369, 0.1599999964237213, 1.4199999682605267, 0.08999999798834324, 1.0399999767541885, 0.6899999845772982, 0.789999982342124, 0.1599999964237213, 1.3499999698251486, 0.2899999935179949, 0.0, 1.579999964684248, 0.24999999441206455, 0.2199999950826168, 0.0, 2.009999955072999, 0.4399999901652336, 0.549999987706542, 0.9399999789893627, 0.0, 1.1899999734014273, 0.11999999731779099, 0.09999999776482582, 0.42999999038875103, 0.05999999865889549, 0.5299999881535769, 0.0, 2.3099999483674765]}