{"current_episode": 75, "scores": [0.8854999802075326, 1.052999976463616, 0.774499982688576, 0.8219999816268683, 0.9169999795034528, 1.0129999773576857, 0.8974999799393117, 0.8969999799504876, 0.8409999812021851, 0.8764999804086984, 0.778499982599169, 0.890999980084598, 0.9979999776929617, 0.6489999854937196, 1.1004999754019082, 0.7874999823980033, 0.7859999824315309, 0.8629999807104468, 0.8914999800734222, 1.0154999773018063, 0.6609999852254986, 1.048999976553023, 0.9574999785982072, 0.9664999783970416, 0.9824999780394137, 0.9219999793916941, 0.9944999777711928, 1.0439999766647816, 1.2419999722391366, 0.9204999794252217, 1.0859999757260084, 1.049499976541847, 0.7719999827444554, 1.1139999751001597, 0.8599999807775021, 1.1049999753013253, 0.7674999828450382, 1.1014999753795565, 0.8574999808333814, 0.8629999807104468, 0.913999979570508, 0.8964999799616635, 0.7439999833703042, 0.9414999789558351, 0.7149999840185046, 0.8914999800734222, 0.9014999798499048, 0.8444999811239541, 0.8934999800287187, 0.8469999810680747, 1.0554999764077366, 0.9434999789111316, 1.002999977581203, 0.8859999801963567, 0.9839999780058861, 1.1844999735243618, 0.8464999810792506, 0.9169999795034528, 0.8989999799057842, 0.9259999793022871, 0.9889999778941274, 0.7169999839738012, 0.8619999807327986, 0.7369999835267663, 0.8769999803975225, 0.9859999779611825, 0.9974999777041376, 0.9759999781847, 0.8999999798834324, 0.8654999806545675, 0.9734999782405793, 0.7884999823756516, 0.7014999843202532, 0.9289999792352319, 0.7264999837614596]}