{"current_episode": 300, "scores": [0.46999998949468136, 0.13999999687075615, 0.7199999839067459, 1.50999996624887, 1.4699999671429396, 0.5799999870359898, 0.5599999874830246, 0.17999999597668648, 1.7799999602138996, 0.6899999845772982, 0.8599999807775021, 2.0899999532848597, 1.959999956190586, 0.7599999830126762, 0.18999999575316906, 1.0899999756366014, 0.7099999841302633, 0.8599999807775021, 0.979999978095293, 0.47999998927116394, 1.1399999745190144, 0.7199999839067459, 0.7799999825656414, 1.3599999696016312, 1.099999975413084, 2.7599999383091927, 1.3199999704957008, 1.6399999633431435, 1.8799999579787254, 1.4999999664723873, 0.8699999805539846, 0.8599999807775021, 1.1299999747425318, 0.6799999848008156, 0.8899999801069498, 1.6699999626725912, 1.2099999729543924, 1.1799999736249447, 0.9199999794363976, 1.0499999765306711, 1.029999976977706, 0.3399999924004078, 1.0499999765306711, 1.81999995931983, 0.30999999307096004, 1.1199999749660492, 1.4399999678134918, 0.549999987706542, 0.7599999830126762, 0.7099999841302633, 1.7999999597668648, 0.8499999810010195, 1.3999999687075615, 1.4999999664723873, 0.2699999939650297, 0.5199999883770943, 0.3799999915063381, 1.5399999655783176, 0.41999999061226845, 0.5099999886006117, 0.7499999832361937, 1.3099999707192183, 1.959999956190586, 1.6699999626725912, 0.6199999861419201, 1.1399999745190144, 0.41999999061226845, 0.029999999329447746, 0.5099999886006117, 0.1099999975413084, 1.4399999678134918, 1.3699999693781137, 0.4399999901652336, 1.0499999765306711, 2.0199999548494816, 1.339999970048666, 1.8999999575316906, 0.7399999834597111, 1.7099999617785215, 0.6899999845772982, 1.3199999704957008, 1.0399999767541885, 0.909999979659915, 0.549999987706542, 0.8399999812245369, 1.0499999765306711, 1.1999999731779099, 0.5199999883770943, 1.269999971613288, 2.1599999517202377, 0.029999999329447746, 0.7999999821186066, 1.6799999624490738, 1.4199999682605267, 2.5499999430030584, 1.6199999637901783, 0.8899999801069498, 1.6399999633431435, 0.6499999854713678, 1.459999967366457, 1.1599999740719795, 0.5699999872595072, 0.35999999195337296, 1.339999970048666, 1.269999971613288, 0.979999978095293, 0.8699999805539846, 1.1099999751895666, 0.6799999848008156, 1.81999995931983, 1.0499999765306711, 1.459999967366457, 0.6999999843537807, 0.7499999832361937, 1.2999999709427357, 0.5599999874830246, 1.50999996624887, 1.1899999734014273, 1.4499999675899744, 1.3499999698251486, 0.7699999827891588, 2.4099999461323023, 1.1599999740719795, 1.2599999718368053, 2.229999950155616, 1.6299999635666609, 0.05999999865889549, 0.4599999897181988, 0.3399999924004078, 0.6499999854713678, 0.5899999868124723, 0.23999999463558197, 0.8199999816715717, 1.699999962002039, 1.3299999702721834, 1.81999995931983, 0.5199999883770943, 0.3499999921768904, 0.9899999778717756, 0.789999982342124, 0.5399999879300594, 0.6299999859184027, 0.669999985024333, 0.5299999881535769, 0.7799999825656414, 0.9299999792128801, 1.3499999698251486, 1.0399999767541885, 0.8899999801069498, 0.4399999901652336, 1.149999974295497, 0.7599999830126762, 1.2999999709427357, 0.5699999872595072, 0.7999999821186066, 0.42999999038875103, 0.6799999848008156, 0.789999982342124, 0.0, 0.9699999783188105, 1.389999968931079, 0.8199999816715717, 1.1999999731779099, 1.4999999664723873, 0.7499999832361937, 0.8899999801069498, 0.8099999818950891, 0.3899999912828207, 1.1599999740719795, 1.459999967366457, 0.669999985024333, 0.3799999915063381, 0.6999999843537807, 0.3799999915063381, 0.7599999830126762, 1.3099999707192183, 0.3899999912828207, 1.4899999666959047, 0.979999978095293, 0.8899999801069498, 2.179999951273203, 1.149999974295497, 0.3499999921768904, 0.42999999038875103, 0.9899999778717756, 1.0399999767541885, 1.149999974295497, 0.5099999886006117, 1.1399999745190144, 0.5699999872595072, 1.149999974295497, 2.0499999541789293, 1.1999999731779099, 0.6899999845772982, 1.2099999729543924, 0.42999999038875103, 0.5599999874830246, 0.7099999841302633, 0.9299999792128801, 0.7999999821186066, 0.20999999530613422, 0.6999999843537807, 0.4499999899417162, 0.8799999803304672, 0.4399999901652336, 1.529999965801835, 1.6199999637901783, 0.6899999845772982, 0.36999999172985554, 0.7999999821186066, 0.6499999854713678, 1.2399999722838402, 0.6599999852478504, 0.6599999852478504, 1.2499999720603228, 2.079999953508377, 1.6199999637901783, 0.7499999832361937, 1.1599999740719795, 0.9699999783188105, 1.029999976977706, 1.81999995931983, 0.30999999307096004, 0.0, 0.4499999899417162, 0.47999998927116394, 0.549999987706542, 1.289999971166253, 2.6199999414384365, 1.5399999655783176, 0.4999999888241291, 0.6299999859184027, 2.7399999387562275, 0.9999999776482582, 0.2899999935179949, 1.50999996624887, 0.5699999872595072, 2.2799999490380287, 0.3499999921768904, 0.29999999329447746, 1.4199999682605267, 0.46999998949468136, 0.3899999912828207, 1.0199999772012234, 1.6699999626725912, 1.4399999678134918, 2.43999994546175, 0.4499999899417162, 1.099999975413084, 0.41999999061226845, 0.5099999886006117, 0.7599999830126762, 1.0199999772012234, 1.7499999608844519, 1.9499999564141035, 0.5599999874830246, 0.909999979659915, 0.41999999061226845, 1.3599999696016312, 0.42999999038875103, 0.8599999807775021, 0.6299999859184027, 0.23999999463558197, 1.0799999758601189, 0.7199999839067459, 0.6799999848008156, 0.40999999083578587, 0.8299999814480543, 2.559999942779541, 0.9399999789893627, 0.2899999935179949, 1.1299999747425318, 0.909999979659915, 0.5199999883770943, 0.5699999872595072, 0.7099999841302633, 0.7599999830126762, 0.7799999825656414, 0.789999982342124, 2.12999995239079, 0.7099999841302633, 1.5499999653548002, 0.7499999832361937, 1.6599999628961086, 1.1099999751895666, 0.2699999939650297, 1.0199999772012234, 1.1599999740719795, 1.3699999693781137, 0.8799999803304672, 0.46999998949468136, 1.7299999613314867, 1.4899999666959047, 1.0899999756366014, 0.5299999881535769, 0.36999999172985554, 1.099999975413084, 1.0099999774247408, 1.0199999772012234, 0.47999998927116394]}