{"current_episode": 72, "scores": [0.8599999807775021, 0.19999999552965164, 0.12999999709427357, 0.0, 0.0, 0.0, 0.23999999463558197, 0.24999999441206455, 0.5299999881535769, 0.35999999195337296, 1.0799999758601189, 0.7999999821186066, 0.5699999872595072, 0.42999999038875103, 0.8599999807775021, 0.6099999863654375, 0.36999999172985554, 0.9299999792128801, 0.6399999856948853, 0.36999999172985554, 0.6199999861419201, 0.25999999418854713, 0.17999999597668648, 1.2099999729543924, 1.50999996624887, 1.0499999765306711, 0.13999999687075615, 0.9399999789893627, 0.4599999897181988, 0.07999999821186066, 0.2799999937415123, 0.5799999870359898, 0.7099999841302633, 0.07999999821186066, 0.6999999843537807, 0.6399999856948853, 0.3899999912828207, 0.23999999463558197, 0.17999999597668648, 0.3399999924004078, 0.6299999859184027, 0.5999999865889549, 0.1099999975413084, 0.18999999575316906, 0.2199999950826168, 0.789999982342124, 0.06999999843537807, 0.4599999897181988, 0.5299999881535769, 0.6799999848008156, 0.05999999865889549, 0.5299999881535769, 0.0, 0.03999999910593033, 0.18999999575316906, 1.1399999745190144, 1.0399999767541885, 0.3499999921768904, 0.4899999890476465, 0.5899999868124723, 0.0, 0.7299999836832285, 0.7699999827891588, 0.3899999912828207, 0.11999999731779099, 0.7099999841302633, 0.8199999816715717, 0.35999999195337296, 1.3999999687075615, 0.04999999888241291, 1.029999976977706, 1.0599999763071537]}