{"current_episode": 129, "scores": [0.909999979659915, 0.8699999805539846, 1.1299999747425318, 1.1299999747425318, 0.8499999810010195, 0.2699999939650297, 1.9499999564141035, 0.36999999172985554, 1.1299999747425318, 0.8099999818950891, 0.35999999195337296, 1.2999999709427357, 1.939999956637621, 0.8899999801069498, 3.3799999244511127, 1.5199999660253525, 1.1399999745190144, 0.6399999856948853, 1.1299999747425318, 0.669999985024333, 0.6499999854713678, 0.03999999910593033, 0.7999999821186066, 0.30999999307096004, 1.0199999772012234, 0.14999999664723873, 0.2699999939650297, 0.9299999792128801, 0.4399999901652336, 2.349999947473407, 2.0999999530613422, 1.4299999680370092, 0.8499999810010195, 0.14999999664723873, 1.0399999767541885, 0.9499999787658453, 0.3399999924004078, 0.6599999852478504, 1.219999972730875, 0.9299999792128801, 0.2899999935179949, 0.7599999830126762, 1.1399999745190144, 0.4999999888241291, 0.23999999463558197, 1.0599999763071537, 1.7899999599903822, 0.0, 0.3199999928474426, 1.149999974295497, 0.549999987706542, 1.1999999731779099, 1.6399999633431435, 0.5999999865889549, 1.2099999729543924, 0.9699999783188105, 0.7599999830126762, 0.8299999814480543, 0.09999999776482582, 0.6099999863654375, 0.9699999783188105, 0.979999978095293, 0.5199999883770943, 1.0699999760836363, 1.0799999758601189, 0.6999999843537807, 1.1199999749660492, 1.3599999696016312, 0.0, 1.149999974295497, 1.0599999763071537, 1.1599999740719795, 1.099999975413084, 1.4899999666959047, 1.3999999687075615, 0.549999987706542, 2.149999951943755, 0.3899999912828207, 1.7399999611079693, 1.1799999736249447, 0.9299999792128801, 0.669999985024333, 1.4799999669194221, 0.7999999821186066, 0.42999999038875103, 1.9799999557435513, 0.5099999886006117, 0.7399999834597111, 0.5799999870359898, 1.0399999767541885, 0.20999999530613422, 1.0399999767541885, 1.769999960437417, 0.9499999787658453, 0.7699999827891588, 0.7499999832361937, 1.5599999651312828, 1.8599999584257603, 0.6299999859184027, 1.7199999615550041, 0.8199999816715717, 0.5199999883770943, 1.6299999635666609, 0.3899999912828207, 0.3399999924004078, 0.7399999834597111, 1.0699999760836363, 0.17999999597668648, 1.0099999774247408, 0.7299999836832285, 0.8499999810010195, 0.7099999841302633, 0.5299999881535769, 0.5199999883770943, 1.1399999745190144, 1.1999999731779099, 1.0599999763071537, 0.3899999912828207, 0.789999982342124, 0.6099999863654375, 0.5699999872595072, 1.1299999747425318, 2.109999952837825, 0.5199999883770943, 1.3299999702721834, 0.9299999792128801, 0.12999999709427357, 0.5899999868124723, 0.3899999912828207]}