{"current_episode": 48, "scores": [0.18999999575316906, 1.1899999734014273, 0.7299999836832285, 1.1799999736249447, 0.5599999874830246, 1.0399999767541885, 0.30999999307096004, 0.1699999962002039, 0.11999999731779099, 0.30999999307096004, 0.1699999962002039, 0.6399999856948853, 0.9599999785423279, 1.3199999704957008, 0.8699999805539846, 0.6799999848008156, 0.42999999038875103, 0.669999985024333, 0.2699999939650297, 0.6099999863654375, 0.6499999854713678, 0.7199999839067459, 0.1699999962002039, 0.5299999881535769, 0.35999999195337296, 0.4499999899417162, 0.3199999928474426, 0.08999999798834324, 0.35999999195337296, 1.099999975413084, 0.6399999856948853, 0.5699999872595072, 0.8299999814480543, 0.0, 1.409999968484044, 0.3899999912828207, 1.029999976977706, 0.40999999083578587, 0.7499999832361937, 0.8899999801069498, 0.5799999870359898, 0.1099999975413084, 0.9299999792128801, 0.3899999912828207, 0.8299999814480543, 0.1099999975413084, 0.6999999843537807, 0.17999999597668648]}