{"current_episode": 48, "scores": [0.30999999307096004, 0.0, 0.0, 0.0, 0.0, 0.0, 0.3899999912828207, 0.0, 0.04999999888241291, 0.0, 0.12999999709427357, 0.07999999821186066, 0.0, 0.12999999709427357, 0.0, 0.0, 0.0, 0.0, 0.0, 0.0, 0.0, 0.0, 0.0, 0.0, 0.0, 0.0, 0.0, 0.0, 0.0, 0.0, 0.0, 0.0, 0.0, 0.06999999843537807, 0.0, 0.0, 0.0, 0.0, 0.0, 0.0, 0.0, 0.0, 0.0, 0.0, 0.0, 0.0, 0.0, 0.0]}