{"current_episode": 30, "scores": [0.5799999870359898, 0.0, 0.14999999664723873, 0.1699999962002039, 0.0, 0.0, 0.9199999794363976, 0.7799999825656414, 1.1599999740719795, 0.3399999924004078, 0.3299999926239252, 0.909999979659915, 0.4899999890476465, 0.6299999859184027, 0.06999999843537807, 0.30999999307096004, 1.3499999698251486, 0.6499999854713678, 1.289999971166253, 0.6399999856948853, 0.7099999841302633, 0.5399999879300594, 0.1099999975413084, 0.669999985024333, 0.8799999803304672, 0.23999999463558197, 0.20999999530613422, 0.4599999897181988, 0.1699999962002039, 0.2299999948590994]}