{"current_episode": 60, "scores": [0.23999999463558197, 0.1099999975413084, 0.35999999195337296, 0.549999987706542, 0.7799999825656414, 0.19999999552965164, 0.8199999816715717, 0.23999999463558197, 0.47999998927116394, 0.6599999852478504, 0.7399999834597111, 1.219999972730875, 1.3099999707192183, 0.8799999803304672, 0.08999999798834324, 0.18999999575316906, 0.36999999172985554, 1.0899999756366014, 1.3499999698251486, 0.9299999792128801, 0.8399999812245369, 0.47999998927116394, 0.25999999418854713, 1.6599999628961086, 0.8199999816715717, 0.4999999888241291, 0.09999999776482582, 0.3499999921768904, 1.3499999698251486, 1.0599999763071537, 0.2899999935179949, 0.17999999597668648, 0.5099999886006117, 0.8399999812245369, 0.7099999841302633, 0.30999999307096004, 0.1599999964237213, 0.9699999783188105, 0.8799999803304672, 1.2799999713897705, 0.0, 0.7999999821186066, 0.6899999845772982, 0.41999999061226845, 0.3299999926239252, 0.6499999854713678, 0.0, 0.13999999687075615, 0.8799999803304672, 0.9499999787658453, 0.5599999874830246, 0.8199999816715717, 0.6599999852478504, 0.3999999910593033, 0.4999999888241291, 0.7399999834597111, 0.2799999937415123, 0.20999999530613422, 1.0199999772012234, 0.5299999881535769]}