{"current_episode": 183, "scores": [0.3199999928474426, 0.5099999886006117, 0.12999999709427357, 0.0, 0.12999999709427357, 0.23999999463558197, 0.47999998927116394, 0.1099999975413084, 0.3199999928474426, 0.549999987706542, 0.5799999870359898, 0.3799999915063381, 0.7199999839067459, 0.5999999865889549, 0.8199999816715717, 1.0899999756366014, 1.0899999756366014, 1.5699999649077654, 0.0, 0.20999999530613422, 0.3999999910593033, 0.2199999950826168, 0.9199999794363976, 0.6999999843537807, 1.219999972730875, 0.36999999172985554, 0.6999999843537807, 0.9699999783188105, 0.3899999912828207, 0.3399999924004078, 0.4599999897181988, 0.30999999307096004, 0.7799999825656414, 0.3999999910593033, 0.17999999597668648, 0.2899999935179949, 0.0, 1.029999976977706, 0.36999999172985554, 0.8499999810010195, 0.5599999874830246, 0.3799999915063381, 0.2199999950826168, 1.5599999651312828, 0.3199999928474426, 0.18999999575316906, 1.5699999649077654, 0.7299999836832285, 0.2899999935179949, 0.6399999856948853, 1.2299999725073576, 0.5399999879300594, 0.8299999814480543, 0.30999999307096004, 0.1699999962002039, 1.0799999758601189, 0.5199999883770943, 0.7199999839067459, 0.4999999888241291, 0.5999999865889549, 1.2999999709427357, 0.40999999083578587, 0.5699999872595072, 0.5199999883770943, 0.2799999937415123, 0.3399999924004078, 0.4499999899417162, 0.5999999865889549, 2.2399999499320984, 0.2899999935179949, 0.6199999861419201, 0.7999999821186066, 0.29999999329447746, 0.3199999928474426, 0.8699999805539846, 0.35999999195337296, 0.5999999865889549, 0.6299999859184027, 0.5699999872595072, 0.669999985024333, 0.7699999827891588, 0.23999999463558197, 0.6299999859184027, 0.41999999061226845, 0.4599999897181988, 0.47999998927116394, 0.3199999928474426, 0.30999999307096004, 0.03999999910593033, 0.42999999038875103, 0.20999999530613422, 0.12999999709427357, 0.8099999818950891, 0.46999998949468136, 1.169999973848462, 0.7399999834597111, 0.5899999868124723, 0.6299999859184027, 0.40999999083578587, 0.47999998927116394, 0.4899999890476465, 0.9499999787658453, 0.2699999939650297, 1.169999973848462, 0.8099999818950891, 0.19999999552965164, 0.7999999821186066, 0.6399999856948853, 0.6999999843537807, 0.6899999845772982, 0.1699999962002039, 1.0699999760836363, 0.5199999883770943, 0.4399999901652336, 0.4499999899417162, 0.1599999964237213, 0.669999985024333, 0.5599999874830246, 0.7399999834597111, 1.1999999731779099, 0.13999999687075615, 0.6099999863654375, 0.4599999897181988, 0.5299999881535769, 0.6899999845772982, 0.41999999061226845, 0.40999999083578587, 0.5299999881535769, 1.3199999704957008, 0.47999998927116394, 0.8099999818950891, 1.5499999653548002, 0.35999999195337296, 0.549999987706542, 0.3299999926239252, 0.6499999854713678, 1.1299999747425318, 0.12999999709427357, 1.1299999747425318, 0.6499999854713678, 0.04999999888241291, 0.2699999939650297, 0.30999999307096004, 0.3899999912828207, 0.3799999915063381, 0.3299999926239252, 0.6799999848008156, 0.4499999899417162, 0.46999998949468136, 0.3199999928474426, 0.3199999928474426, 0.3799999915063381, 0.42999999038875103, 0.20999999530613422, 0.19999999552965164, 0.8499999810010195, 0.7299999836832285, 1.3499999698251486, 0.46999998949468136, 0.6199999861419201, 0.6999999843537807, 0.7099999841302633, 0.30999999307096004, 0.6199999861419201, 0.5199999883770943, 0.8899999801069498, 0.19999999552965164, 0.8699999805539846, 0.03999999910593033, 0.23999999463558197, 0.9499999787658453, 0.4499999899417162, 0.669999985024333, 0.5299999881535769, 0.25999999418854713, 0.47999998927116394, 0.47999998927116394, 1.0699999760836363, 0.5599999874830246, 0.36999999172985554, 0.6399999856948853, 1.1299999747425318, 0.5699999872595072]}