{"current_episode": 24, "scores": [0.3199999928474426, 0.2299999948590994, 0.46999998949468136, 0.4599999897181988, 0.7099999841302633, 1.2599999718368053, 0.29999999329447746, 0.8099999818950891, 0.24999999441206455, 0.6199999861419201, 0.5399999879300594, 0.7299999836832285, 0.7199999839067459, 0.4599999897181988, 0.4999999888241291, 1.219999972730875, 0.4599999897181988, 1.099999975413084, 0.6299999859184027, 1.289999971166253, 0.4899999890476465, 0.41999999061226845, 0.3199999928474426, 0.5299999881535769]}