{"current_episode": 60, "scores": [0.2299999948590994, 0.7299999836832285, 1.3299999702721834, 1.5999999642372131, 0.6599999852478504, 0.5199999883770943, 1.339999970048666, 0.669999985024333, 0.8399999812245369, 0.6499999854713678, 0.2299999948590994, 1.4299999680370092, 0.5899999868124723, 0.789999982342124, 1.2299999725073576, 0.29999999329447746, 0.8599999807775021, 0.4499999899417162, 0.3299999926239252, 0.549999987706542, 1.81999995931983, 0.6499999854713678, 0.2199999950826168, 0.1599999964237213, 0.8599999807775021, 0.5899999868124723, 0.4399999901652336, 0.5199999883770943, 0.8199999816715717, 1.529999965801835, 0.669999985024333, 0.7099999841302633, 0.0, 0.5299999881535769, 0.5099999886006117, 0.5599999874830246, 0.1699999962002039, 0.8299999814480543, 0.4899999890476465, 0.2699999939650297, 1.2099999729543924, 0.2699999939650297, 0.3299999926239252, 0.30999999307096004, 0.5999999865889549, 0.8899999801069498, 0.36999999172985554, 0.5799999870359898, 0.0, 0.1599999964237213, 0.17999999597668648, 0.5399999879300594, 0.549999987706542, 0.0, 0.9299999792128801, 1.2599999718368053, 0.7999999821186066, 1.0199999772012234, 0.9599999785423279, 0.7399999834597111]}