{"current_episode": 228, "scores": [0.14999999664723873, 0.6099999863654375, 0.2299999948590994, 0.5299999881535769, 1.149999974295497, 1.4399999678134918, 0.6399999856948853, 0.3299999926239252, 1.029999976977706, 1.6399999633431435, 1.2599999718368053, 1.1899999734014273, 2.3299999479204416, 1.029999976977706, 2.539999943226576, 0.25999999418854713, 2.059999953955412, 1.4399999678134918, 0.909999979659915, 2.0699999537318945, 0.909999979659915, 1.3699999693781137, 5.509999876841903, 1.409999968484044, 2.819999936968088, 2.729999938979745, 2.179999951273203, 1.9999999552965164, 0.5099999886006117, 2.4299999456852674, 0.3999999910593033, 0.9699999783188105, 1.4299999680370092, 0.6599999852478504, 1.029999976977706, 1.5999999642372131, 3.159999929368496, 2.199999950826168, 3.4999999217689037, 2.799999937415123, 1.4199999682605267, 1.649999963119626, 1.1199999749660492, 3.1699999291449785, 1.3499999698251486, 1.0499999765306711, 2.3599999472498894, 2.539999943226576, 0.5299999881535769, 1.0199999772012234, 1.289999971166253, 0.669999985024333, 0.8999999798834324, 0.979999978095293, 1.2999999709427357, 0.7099999841302633, 1.099999975413084, 2.3799999468028545, 3.1699999291449785, 2.7899999376386404, 1.6899999622255564, 1.889999957755208, 4.3199999034404755, 1.3199999704957008, 1.9099999573081732, 1.939999956637621, 3.2199999280273914, 0.979999978095293, 0.5799999870359898, 1.6299999635666609, 1.8599999584257603, 1.5399999655783176, 2.0999999530613422, 2.199999950826168, 0.0, 2.1399999521672726, 0.7299999836832285, 0.6599999852478504, 0.3899999912828207, 0.9199999794363976, 1.8699999582022429, 0.0, 0.46999998949468136, 0.3899999912828207, 1.8599999584257603, 0.8899999801069498, 0.17999999597668648, 0.0, 0.4399999901652336, 0.669999985024333, 1.4399999678134918, 0.0, 0.6599999852478504, 0.2199999950826168, 0.9999999776482582, 0.5699999872595072, 0.9499999787658453, 0.3299999926239252, 1.1999999731779099, 0.8999999798834324, 0.5599999874830246, 0.29999999329447746, 1.1799999736249447, 1.8099999595433474, 1.6599999628961086, 1.6099999640136957, 0.04999999888241291, 1.1999999731779099, 1.2799999713897705, 0.8399999812245369, 2.009999955072999, 2.4099999461323023, 1.099999975413084, 0.3799999915063381, 0.6099999863654375, 0.12999999709427357, 0.789999982342124, 0.6999999843537807, 0.20999999530613422, 0.7099999841302633, 0.8999999798834324, 1.4899999666959047, 0.6899999845772982, 1.7999999597668648, 0.9699999783188105, 1.4199999682605267, 0.7399999834597111, 1.81999995931983, 0.41999999061226845, 0.3199999928474426, 0.25999999418854713, 2.1899999510496855, 0.2899999935179949, 0.5199999883770943, 0.30999999307096004, 0.3299999926239252, 1.1599999740719795, 0.8499999810010195, 0.7099999841302633, 1.7199999615550041, 2.339999947696924, 1.0399999767541885, 0.19999999552965164, 0.7799999825656414, 1.3699999693781137, 0.9199999794363976, 0.4499999899417162, 0.6299999859184027, 0.25999999418854713, 0.669999985024333, 0.6899999845772982, 1.0799999758601189, 2.5699999425560236, 2.1399999521672726, 0.8799999803304672, 2.2399999499320984, 1.4899999666959047, 1.4899999666959047, 1.6799999624490738, 0.3299999926239252, 0.6299999859184027, 1.0699999760836363, 0.19999999552965164, 0.5199999883770943, 1.289999971166253, 0.7999999821186066, 0.4599999897181988, 0.789999982342124, 1.6599999628961086, 2.4099999461323023, 0.7099999841302633, 1.769999960437417, 0.12999999709427357, 1.7999999597668648, 0.2699999939650297, 1.6699999626725912, 0.6799999848008156, 0.3499999921768904, 1.3699999693781137, 0.5899999868124723, 0.41999999061226845, 2.179999951273203, 0.3899999912828207, 0.7299999836832285, 3.1699999291449785, 0.8599999807775021, 0.2199999950826168, 0.0, 1.2799999713897705, 1.7399999611079693, 0.6099999863654375, 1.8599999584257603, 0.6099999863654375, 0.05999999865889549, 0.0, 1.8999999575316906, 1.889999957755208, 1.8099999595433474, 1.0599999763071537, 1.1799999736249447, 0.8299999814480543, 0.4899999890476465, 2.5299999434500933, 0.3299999926239252, 0.2199999950826168, 0.669999985024333, 2.1599999517202377, 1.1099999751895666, 0.18999999575316906, 0.47999998927116394, 1.2499999720603228, 0.5299999881535769, 0.5999999865889549, 1.7299999613314867, 0.7699999827891588, 0.3899999912828207, 0.5299999881535769, 1.0199999772012234, 1.0799999758601189, 0.5099999886006117, 0.09999999776482582, 0.3499999921768904, 1.3699999693781137, 1.289999971166253, 1.529999965801835, 0.8099999818950891, 0.2699999939650297, 1.5899999644607306]}