{"current_episode": 27, "scores": [0.07999999821186066, 0.13999999687075615, 0.05999999865889549, 0.669999985024333, 0.13999999687075615, 0.0, 0.18999999575316906, 0.4599999897181988, 0.30999999307096004, 0.3399999924004078, 0.1699999962002039, 0.1699999962002039, 0.0, 0.2799999937415123, 0.4599999897181988, 0.19999999552965164, 0.0, 0.06999999843537807, 0.5799999870359898, 0.3499999921768904, 0.2199999950826168, 0.1099999975413084, 0.7499999832361937, 0.36999999172985554, 0.2299999948590994, 0.18999999575316906, 0.30999999307096004]}