{"current_episode": 150, "scores": [0.6599999852478504, 2.1199999526143074, 0.8399999812245369, 0.06999999843537807, 0.909999979659915, 0.0, 1.7499999608844519, 0.7499999832361937, 0.18999999575316906, 0.06999999843537807, 0.2799999937415123, 1.149999974295497, 3.05999993160367, 1.50999996624887, 0.5199999883770943, 1.3999999687075615, 1.3599999696016312, 0.9899999778717756, 1.289999971166253, 0.3899999912828207, 1.409999968484044, 2.179999951273203, 2.5199999436736107, 1.6699999626725912, 2.2599999494850636, 1.8299999590963125, 0.6399999856948853, 0.8299999814480543, 1.339999970048666, 1.9699999559670687, 1.5999999642372131, 1.6799999624490738, 3.8899999130517244, 1.5699999649077654, 0.7199999839067459, 0.549999987706542, 1.7399999611079693, 3.469999922439456, 2.6399999409914017, 2.4999999441206455, 1.219999972730875, 4.25999990478158, 0.6299999859184027, 3.129999930039048, 1.029999976977706, 2.2099999506026506, 0.4999999888241291, 1.0199999772012234, 2.079999953508377, 2.3299999479204416, 1.9299999568611383, 0.6399999856948853, 1.289999971166253, 1.4799999669194221, 0.6999999843537807, 3.05999993160367, 1.3299999702721834, 0.2899999935179949, 1.6899999622255564, 2.43999994546175, 2.2099999506026506, 2.5499999430030584, 1.9899999555200338, 1.3799999691545963, 3.0699999313801527, 0.8099999818950891, 0.5099999886006117, 1.6099999640136957, 0.8099999818950891, 1.0499999765306711, 0.41999999061226845, 1.2299999725073576, 0.8899999801069498, 1.0699999760836363, 1.339999970048666, 1.3799999691545963, 0.2899999935179949, 0.5799999870359898, 1.6699999626725912, 0.41999999061226845, 1.389999968931079, 0.13999999687075615, 0.05999999865889549, 1.1299999747425318, 0.2299999948590994, 0.04999999888241291, 0.06999999843537807, 0.9599999785423279, 1.8999999575316906, 2.009999955072999, 0.7799999825656414, 1.839999958872795, 2.1699999514967203, 0.3499999921768904, 0.1599999964237213, 0.7299999836832285, 1.7199999615550041, 1.3099999707192183, 0.4899999890476465, 3.1999999284744263, 2.2799999490380287, 2.5699999425560236, 0.3799999915063381, 2.0899999532848597, 1.1599999740719795, 2.9299999345093966, 2.229999950155616, 0.0, 0.4399999901652336, 0.41999999061226845, 2.2599999494850636, 1.0199999772012234, 0.7399999834597111, 0.0, 0.9299999792128801, 0.0, 0.0, 0.5299999881535769, 0.979999978095293, 0.6999999843537807, 0.0, 0.4399999901652336, 0.029999999329447746, 0.9499999787658453, 0.6499999854713678, 1.2599999718368053, 0.0, 0.42999999038875103, 0.46999998949468136, 0.07999999821186066, 1.1199999749660492, 1.1599999740719795, 0.4999999888241291, 0.20999999530613422, 0.8199999816715717, 0.40999999083578587, 0.5699999872595072, 0.0, 0.2199999950826168, 0.7699999827891588, 0.9499999787658453, 1.4399999678134918, 0.5999999865889549, 1.4799999669194221, 0.6499999854713678, 0.7999999821186066, 1.459999967366457, 1.839999958872795, 1.3699999693781137, 1.0799999758601189]}