{"current_episode": 66, "scores": [0.6599999852478504, 0.1099999975413084, 0.24999999441206455, 0.029999999329447746, 0.47999998927116394, 1.0699999760836363, 0.0, 0.0, 0.0, 0.0, 0.0, 1.839999958872795, 0.09999999776482582, 0.5599999874830246, 0.0, 0.07999999821186066, 0.9199999794363976, 1.6699999626725912, 0.6799999848008156, 0.2699999939650297, 0.4499999899417162, 1.0199999772012234, 0.549999987706542, 0.0, 0.0, 0.0, 0.4399999901652336, 0.8699999805539846, 0.3399999924004078, 0.5599999874830246, 0.2899999935179949, 0.4399999901652336, 0.7099999841302633, 0.7199999839067459, 0.6499999854713678, 1.1099999751895666, 0.11999999731779099, 0.4999999888241291, 0.12999999709427357, 1.1799999736249447, 0.42999999038875103, 0.5799999870359898, 0.3299999926239252, 0.9499999787658453, 0.6599999852478504, 0.7999999821186066, 0.06999999843537807, 0.8099999818950891, 0.3999999910593033, 1.0599999763071537, 0.5699999872595072, 1.2099999729543924, 0.19999999552965164, 0.13999999687075615, 1.169999973848462, 0.3299999926239252, 0.8399999812245369, 0.3799999915063381, 0.4599999897181988, 0.8099999818950891, 0.2899999935179949, 0.4399999901652336, 0.23999999463558197, 0.3499999921768904, 0.4999999888241291, 0.6199999861419201]}