{"current_episode": 249, "scores": [0.2199999950826168, 0.029999999329447746, 0.18999999575316906, 0.5699999872595072, 0.25999999418854713, 0.14999999664723873, 0.5699999872595072, 1.0199999772012234, 1.1299999747425318, 0.9499999787658453, 0.6199999861419201, 1.3199999704957008, 3.5999999195337296, 0.9699999783188105, 0.1699999962002039, 0.6099999863654375, 0.7299999836832285, 1.3799999691545963, 1.4899999666959047, 1.3799999691545963, 0.6199999861419201, 0.8999999798834324, 0.0, 1.9099999573081732, 1.9099999573081732, 1.2799999713897705, 1.6699999626725912, 1.1199999749660492, 0.4899999890476465, 1.219999972730875, 1.6299999635666609, 0.25999999418854713, 1.8499999586492777, 0.4599999897181988, 1.0499999765306711, 1.409999968484044, 1.2299999725073576, 0.8499999810010195, 1.0699999760836363, 1.099999975413084, 1.4699999671429396, 0.8999999798834324, 0.4599999897181988, 0.8999999798834324, 0.9499999787658453, 0.9499999787658453, 3.129999930039048, 2.3999999463558197, 2.079999953508377, 1.289999971166253, 1.099999975413084, 1.4299999680370092, 2.0199999548494816, 0.7799999825656414, 1.389999968931079, 2.969999933615327, 0.8099999818950891, 1.1299999747425318, 1.0599999763071537, 1.5899999644607306, 1.889999957755208, 1.1999999731779099, 0.7299999836832285, 0.40999999083578587, 1.839999958872795, 0.979999978095293, 1.0799999758601189, 0.24999999441206455, 0.4999999888241291, 1.9899999555200338, 1.1399999745190144, 0.8899999801069498, 1.339999970048666, 0.3199999928474426, 0.8999999798834324, 0.549999987706542, 1.3299999702721834, 0.8499999810010195, 1.1899999734014273, 0.3899999912828207, 1.9999999552965164, 0.4399999901652336, 1.2499999720603228, 0.6499999854713678, 0.7399999834597111, 1.9099999573081732, 1.2299999725073576, 1.4299999680370092, 0.4499999899417162, 1.8299999590963125, 0.3999999910593033, 0.6299999859184027, 1.8299999590963125, 0.549999987706542, 1.8099999595433474, 0.8899999801069498, 0.7399999834597111, 1.5999999642372131, 0.6099999863654375, 1.3199999704957008, 1.839999958872795, 2.509999943897128, 1.6299999635666609, 0.9699999783188105, 2.1399999521672726, 2.679999940097332, 0.9199999794363976, 0.0, 0.0, 0.2199999950826168, 0.3899999912828207, 0.6599999852478504, 0.35999999195337296, 0.5799999870359898, 0.17999999597668648, 0.42999999038875103, 0.06999999843537807, 0.3799999915063381, 0.35999999195337296, 0.6799999848008156, 0.14999999664723873, 0.3299999926239252, 1.2499999720603228, 2.5299999434500933, 1.1399999745190144, 1.8299999590963125, 1.0899999756366014, 0.7199999839067459, 1.0899999756366014, 1.7599999606609344, 1.0099999774247408, 3.0499999318271875, 1.3199999704957008, 0.979999978095293, 0.9899999778717756, 0.9999999776482582, 1.0699999760836363, 0.6999999843537807, 0.7999999821186066, 1.1599999740719795, 0.9399999789893627, 0.25999999418854713, 0.7499999832361937, 0.6899999845772982, 1.2499999720603228, 0.9199999794363976, 0.3199999928474426, 1.3599999696016312, 1.529999965801835, 0.29999999329447746, 0.7999999821186066, 1.6799999624490738, 1.1899999734014273, 0.9199999794363976, 0.1699999962002039, 2.059999953955412, 2.3799999468028545, 0.8599999807775021, 0.7099999841302633, 1.459999967366457, 1.0699999760836363, 2.2799999490380287, 2.43999994546175, 2.4299999456852674, 1.0099999774247408, 0.8999999798834324, 3.6999999172985554, 1.8099999595433474, 1.0899999756366014, 1.8499999586492777, 0.6399999856948853, 1.0099999774247408, 1.2499999720603228, 1.6099999640136957, 0.8799999803304672, 1.7499999608844519, 2.1599999517202377, 1.5999999642372131, 2.939999934285879, 1.0599999763071537, 1.1399999745190144, 1.2299999725073576, 1.409999968484044, 1.1099999751895666, 1.409999968484044, 1.099999975413084, 1.889999957755208, 1.0699999760836363, 0.8799999803304672, 1.5199999660253525, 1.0699999760836363, 1.0699999760836363, 0.8499999810010195, 0.9599999785423279, 1.5399999655783176, 1.8999999575316906, 1.8299999590963125, 0.8399999812245369, 1.269999971613288, 0.2299999948590994, 0.9199999794363976, 1.5399999655783176, 1.4899999666959047, 2.229999950155616, 1.7299999613314867, 1.3199999704957008, 1.3599999696016312, 0.40999999083578587, 0.40999999083578587, 1.2799999713897705, 2.3099999483674765, 1.529999965801835, 1.81999995931983, 1.1799999736249447, 0.7599999830126762, 1.5199999660253525, 0.9899999778717756, 0.6299999859184027, 1.4899999666959047, 1.939999956637621, 1.2499999720603228, 0.2699999939650297, 0.1699999962002039, 1.1999999731779099, 0.5299999881535769, 0.47999998927116394, 1.6299999635666609, 1.5899999644607306, 0.6399999856948853, 0.04999999888241291, 0.669999985024333, 0.6299999859184027, 1.8599999584257603, 2.9599999338388443, 2.3099999483674765, 1.3699999693781137, 0.7099999841302633, 1.529999965801835, 2.899999935179949, 0.4899999890476465, 0.05999999865889549, 2.269999949261546, 1.9899999555200338, 1.0699999760836363, 1.5699999649077654, 1.6299999635666609, 1.4399999678134918, 1.889999957755208, 1.0699999760836363]}