{"current_episode": 240, "scores": [0.549999987706542, 0.7499999832361937, 0.979999978095293, 0.25999999418854713, 0.0, 2.43999994546175, 0.8899999801069498, 0.4499999899417162, 0.5399999879300594, 0.6199999861419201, 1.9799999557435513, 0.4499999899417162, 0.0, 1.9099999573081732, 1.8599999584257603, 1.889999957755208, 3.5499999206513166, 3.879999913275242, 0.30999999307096004, 1.6299999635666609, 1.579999964684248, 2.179999951273203, 3.0299999322742224, 2.0199999548494816, 1.0099999774247408, 2.3099999483674765, 1.3499999698251486, 1.9699999559670687, 3.179999928921461, 2.3799999468028545, 2.2799999490380287, 2.6899999398738146, 1.6799999624490738, 2.7699999380856752, 1.9099999573081732, 0.6299999859184027, 3.349999925121665, 1.7799999602138996, 4.409999901428819, 3.2899999264627695, 2.4699999447911978, 3.7199999168515205, 6.009999865666032, 3.969999911263585, 2.919999934732914, 3.249999927356839, 2.3299999479204416, 3.7699999157339334, 3.6999999172985554, 5.159999884665012, 6.219999860972166, 4.52999989874661, 3.5299999210983515, 2.729999938979745, 2.5699999425560236, 5.829999869689345, 5.089999886229634, 4.489999899640679, 2.5899999421089888, 4.169999906793237, 5.909999867901206, 7.5499998312443495, 3.969999911263585, 4.139999907463789, 4.279999904334545, 4.129999907687306, 5.009999888017774, 6.179999861866236, 14.349999679252505, 10.989999754354358, 6.939999844878912, 5.359999880194664, 5.5399998761713505, 3.6299999188631773, 2.1599999517202377, 7.04999984242022, 10.87999975681305, 6.169999862089753, 4.729999894276261, 7.019999843090773, 3.349999925121665, 6.489999854937196, 6.219999860972166, 4.499999899417162, 5.519999876618385, 8.069999819621444, 7.879999823868275, 6.859999846667051, 7.609999829903245, 6.029999865218997, 6.179999861866236, 9.159999795258045, 6.539999853819609, 6.9999998435378075, 10.56999976374209, 11.059999752789736, 10.969999754801393, 5.739999871701002, 6.369999857619405, 7.199999839067459, 14.82999966852367, 10.629999762400985, 6.139999862760305, 9.039999797940254, 11.839999735355377, 12.69999971613288, 12.609999718144536, 7.769999826326966, 8.989999799057841, 14.339999679476023, 13.569999696686864, 9.599999785423279, 12.489999720826745, 5.399999879300594, 7.819999825209379, 5.989999866113067, 10.439999766647816, 12.979999709874392, 10.33999976888299, 10.60999976284802, 12.369999723508954, 16.439999632537365, 10.139999773353338, 16.289999635890126, 15.859999645501375, 16.03999964147806, 14.899999666959047, 7.9799998216331005, 17.649999605491757, 11.099999751895666, 16.65999962761998, 14.82999966852367, 14.959999665617943, 14.219999682158232, 17.84999960102141, 22.73999949172139, 17.829999601468444, 22.839999489486217, 21.199999526143074, 17.30999961309135, 17.839999601244926, 20.359999544918537, 21.549999518319964, 15.60999965108931, 9.63999978452921, 22.059999506920576, 18.249999592080712, 21.529999518767, 24.039999462664127, 18.909999577328563, 22.819999489933252, 21.159999527037144, 23.069999484345317, 17.829999601468444, 17.11999961733818, 11.509999742731452, 19.35999956727028, 24.839999444782734, 38.77999913319945, 27.659999381750822, 20.129999550059438, 26.6399994045496, 25.47999943047762, 23.839999467134476, 29.74999933503568, 29.069999350234866, 34.64999922551215, 22.96999948658049, 26.239999413490295, 24.46999945305288, 19.459999565035105, 30.659999314695597, 21.979999508708715, 34.97999921813607, 33.249999256804585, 24.419999454170465, 25.74999942444265, 18.77999958023429, 11.249999748542905, 20.63999953866005, 27.019999396055937, 27.829999377951026, 24.839999444782734, 34.60999922640622, 21.229999525472522, 28.799999356269836, 28.369999365881085, 31.40999929793179, 28.299999367445707, 34.12999923713505, 29.459999341517687, 12.129999728873372, 34.20999923534691, 35.85999919846654, 33.48999925144017, 28.19999936968088, 33.27999925613403, 25.63999942690134, 27.9599993750453, 34.85999922081828, 36.91999917477369, 39.08999912627041, 34.14999923668802, 30.409999320283532, 39.60999911464751, 37.629999158903956, 38.52999913878739, 25.419999431818724, 38.77999913319945, 33.42999925278127, 39.4999991171062, 39.56999911554158, 22.179999504238367, 38.95999912917614, 36.889999175444245, 38.8099991325289, 37.66999915800989, 35.04999921657145, 39.08999912627041, 38.629999136552215, 35.28999921120703, 39.35999912023544, 36.20999919064343, 37.0899991709739, 39.23999912291765, 35.13999921455979, 36.05999919399619, 28.799999356269836, 38.939999129623175, 32.36999927647412, 35.55999920517206, 39.409999119117856, 32.88999926485121, 38.29999914392829, 38.71999913454056, 38.22999914549291, 35.919999197125435, 39.519999116659164, 35.89999919757247, 38.68999913521111]}