{"current_episode": 24, "scores": [0.8274999815039337, 0.6564999853260816, 0.7434999833814799, 0.7864999824203551, 0.5404999879188835, 0.8214999816380442, 0.8719999805092812, 0.7904999823309481, 0.8029999820515513, 0.8379999812692404, 0.956499978620559, 0.8964999799616635, 0.82099998164922, 0.8734999804757535, 0.9289999792352319, 1.0619999762624501, 0.9614999785088003, 0.8119999818503857, 0.7424999834038317, 0.8619999807327986, 1.0189999772235752, 0.7984999821521341, 0.7819999825209379, 0.8534999809227883]}