{"current_episode": 78, "scores": [0.2899999935179949, 0.0, 0.0, 0.18999999575316906, 1.099999975413084, 0.9599999785423279, 0.1099999975413084, 0.4399999901652336, 0.24999999441206455, 0.7299999836832285, 0.23999999463558197, 0.6599999852478504, 0.5799999870359898, 1.5699999649077654, 1.5699999649077654, 0.29999999329447746, 1.1099999751895666, 0.2299999948590994, 0.0, 0.7999999821186066, 0.25999999418854713, 0.789999982342124, 1.4199999682605267, 0.09999999776482582, 0.0, 0.0, 0.06999999843537807, 0.5699999872595072, 0.3199999928474426, 1.579999964684248, 0.4399999901652336, 1.50999996624887, 0.8599999807775021, 1.3799999691545963, 1.0399999767541885, 0.6199999861419201, 0.2899999935179949, 0.0, 0.4599999897181988, 0.0, 0.0, 0.14999999664723873, 0.4599999897181988, 0.5799999870359898, 0.5599999874830246, 0.3799999915063381, 0.4899999890476465, 0.9599999785423279, 0.8499999810010195, 1.0199999772012234, 0.35999999195337296, 0.17999999597668648, 0.13999999687075615, 1.1099999751895666, 0.13999999687075615, 0.3999999910593033, 0.5699999872595072, 0.08999999798834324, 0.5999999865889549, 0.12999999709427357, 0.549999987706542, 0.3499999921768904, 0.08999999798834324, 0.0, 0.0, 0.35999999195337296, 0.2199999950826168, 0.5599999874830246, 1.099999975413084, 0.2299999948590994, 0.40999999083578587, 0.5799999870359898, 0.47999998927116394, 0.23999999463558197, 0.5399999879300594, 0.42999999038875103, 0.5399999879300594, 0.3399999924004078]}