{"current_episode": 144, "scores": [1.8599999584257603, 1.2299999725073576, 0.1599999964237213, 0.4499999899417162, 0.14999999664723873, 1.409999968484044, 0.5299999881535769, 0.24999999441206455, 1.289999971166253, 0.4499999899417162, 1.2799999713897705, 0.29999999329447746, 0.41999999061226845, 1.1299999747425318, 0.4999999888241291, 0.36999999172985554, 0.6799999848008156, 0.2699999939650297, 0.5399999879300594, 0.2899999935179949, 0.41999999061226845, 0.4599999897181988, 0.0, 0.5099999886006117, 0.5199999883770943, 1.0099999774247408, 0.7299999836832285, 0.4999999888241291, 0.909999979659915, 0.2799999937415123, 0.6899999845772982, 0.549999987706542, 0.7699999827891588, 1.289999971166253, 1.1799999736249447, 0.07999999821186066, 1.0199999772012234, 0.2199999950826168, 0.08999999798834324, 1.4499999675899744, 1.2499999720603228, 0.6499999854713678, 0.7099999841302633, 1.0699999760836363, 0.2199999950826168, 0.7299999836832285, 1.0199999772012234, 0.1599999964237213, 0.6999999843537807, 0.29999999329447746, 0.789999982342124, 0.2199999950826168, 0.3899999912828207, 0.8599999807775021, 0.7499999832361937, 0.2199999950826168, 1.1799999736249447, 1.1899999734014273, 0.3499999921768904, 0.5099999886006117, 0.6899999845772982, 0.2799999937415123, 1.1399999745190144, 0.7999999821186066, 0.8299999814480543, 1.3299999702721834, 0.4499999899417162, 0.9199999794363976, 0.8699999805539846, 0.5199999883770943, 0.7999999821186066, 1.2599999718368053, 0.41999999061226845, 1.1299999747425318, 0.4999999888241291, 1.5399999655783176, 1.1599999740719795, 0.7599999830126762, 0.4499999899417162, 1.3499999698251486, 0.19999999552965164, 1.0399999767541885, 0.979999978095293, 1.029999976977706, 1.5199999660253525, 0.8899999801069498, 0.6599999852478504, 1.0899999756366014, 0.7699999827891588, 0.5799999870359898, 0.5199999883770943, 1.8499999586492777, 1.149999974295497, 1.2399999722838402, 1.2299999725073576, 0.2799999937415123, 0.5999999865889549, 0.5899999868124723, 0.24999999441206455, 1.3299999702721834, 0.2799999937415123, 0.41999999061226845, 0.8099999818950891, 0.3399999924004078, 0.3899999912828207, 0.8599999807775021, 0.5799999870359898, 0.14999999664723873, 0.5099999886006117, 1.2499999720603228, 1.7299999613314867, 1.0199999772012234, 0.8299999814480543, 0.7299999836832285, 0.3299999926239252, 0.9499999787658453, 0.2199999950826168, 1.4199999682605267, 0.8299999814480543, 0.8399999812245369, 0.8799999803304672, 0.3999999910593033, 0.6299999859184027, 0.25999999418854713, 1.5399999655783176, 0.29999999329447746, 0.5899999868124723, 0.2899999935179949, 0.04999999888241291, 0.2799999937415123, 0.5399999879300594, 0.9199999794363976, 1.1799999736249447, 1.029999976977706, 0.30999999307096004, 0.3199999928474426, 0.0, 1.3299999702721834, 0.2799999937415123, 0.7399999834597111, 0.8799999803304672, 0.20999999530613422, 1.4499999675899744, 0.6899999845772982]}