{"current_episode": 246, "scores": [0.9699999783188105, 0.4999999888241291, 0.2299999948590994, 0.6099999863654375, 0.47999998927116394, 0.6299999859184027, 0.8599999807775021, 1.2599999718368053, 0.5099999886006117, 1.1299999747425318, 1.3699999693781137, 1.8599999584257603, 1.699999962002039, 1.5699999649077654, 0.30999999307096004, 1.1899999734014273, 2.349999947473407, 1.1099999751895666, 1.1299999747425318, 0.8299999814480543, 0.9199999794363976, 0.7599999830126762, 1.4399999678134918, 2.2599999494850636, 0.8299999814480543, 1.6799999624490738, 2.0199999548494816, 2.1199999526143074, 1.3199999704957008, 3.2699999269098043, 3.1999999284744263, 1.6299999635666609, 1.0499999765306711, 1.9499999564141035, 1.7499999608844519, 1.7199999615550041, 0.7999999821186066, 0.23999999463558197, 2.459999945014715, 2.5199999436736107, 1.3699999693781137, 3.2399999275803566, 2.7099999394267797, 2.199999950826168, 2.6499999407678843, 1.289999971166253, 1.7899999599903822, 1.50999996624887, 1.9699999559670687, 1.389999968931079, 0.8199999816715717, 5.319999881088734, 4.25999990478158, 2.029999954625964, 1.6599999628961086, 3.879999913275242, 2.319999948143959, 3.2399999275803566, 2.079999953508377, 3.519999921321869, 2.1899999510496855, 1.9099999573081732, 3.179999928921461, 1.9999999552965164, 2.1699999514967203, 1.8699999582022429, 2.7699999380856752, 2.3299999479204416, 1.0499999765306711, 3.0799999311566353, 3.0499999318271875, 2.9299999345093966, 2.5899999421089888, 2.5299999434500933, 4.60999989695847, 4.959999889135361, 3.449999922886491, 3.249999927356839, 4.29999990388751, 4.469999900087714, 5.999999865889549, 3.999999910593033, 4.469999900087714, 7.179999839514494, 4.449999900534749, 10.309999769553542, 3.3099999260157347, 3.2699999269098043, 3.179999928921461, 4.249999905005097, 3.799999915063381, 5.089999886229634, 4.83999989181757, 5.899999868124723, 4.489999899640679, 4.379999902099371, 5.019999887794256, 2.4699999447911978, 5.099999886006117, 4.52999989874661, 6.559999853372574, 3.7899999152868986, 6.4299998562783, 3.4299999233335257, 3.209999928250909, 9.829999780282378, 5.089999886229634, 3.5599999204277992, 3.709999917075038, 8.699999805539846, 8.32999981380999, 7.7399998269975185, 9.269999792799354, 6.589999852702022, 4.52999989874661, 3.969999911263585, 9.269999792799354, 8.669999806210399, 8.189999816939235, 6.9999998435378075, 9.389999790117145, 15.239999659359455, 12.679999716579914, 9.94999977760017, 8.769999803975224, 10.95999975502491, 10.799999758601189, 12.899999711662531, 12.54999971948564, 6.2099998611956835, 7.93999982252717, 5.089999886229634, 18.08999959565699, 11.76999973692, 8.689999805763364, 12.029999731108546, 13.369999701157212, 11.609999740496278, 17.569999607279897, 13.899999689310789, 16.359999634325504, 12.15999972820282, 19.70999955944717, 16.03999964147806, 9.299999792128801, 19.929999554529786, 16.25999963656068, 20.459999542683363, 22.96999948658049, 26.519999407231808, 20.48999954201281, 24.1699994597584, 24.109999461099505, 26.48999940790236, 17.029999619349837, 17.709999604150653, 21.129999527707696, 29.74999933503568, 24.529999451711774, 18.529999585822225, 28.639999359846115, 28.57999936118722, 18.529999585822225, 32.05999928340316, 24.909999443218112, 31.849999288097024, 20.90999953262508, 30.679999314248562, 33.27999925613403, 34.23999923467636, 30.679999314248562, 32.089999282732606, 27.06999939493835, 25.069999439641833, 27.45999938622117, 24.86999944411218, 25.86999942176044, 23.449999475851655, 24.989999441429973, 25.239999435842037, 25.859999421983957, 24.3999994546175, 22.509999496862292, 29.849999332800508, 32.38999927602708, 32.34999927692115, 31.159999303519726, 28.839999355375767, 35.03999921679497, 31.17999930307269, 37.09999917075038, 29.309999344870448, 37.2599991671741, 36.71999917924404, 36.3399991877377, 31.709999291226268, 32.359999276697636, 8.719999805092812, 24.019999463111162, 27.949999375268817, 32.119999282062054, 37.80999915488064, 18.619999583810568, 38.709999134764075, 33.19999925792217, 36.809999177232385, 37.14999916963279, 21.669999515637755, 36.12999919243157, 36.459999185055494, 38.129999147728086, 39.52999911643565, 37.199999168515205, 22.41999949887395, 24.58999945037067, 34.019999239593744, 34.599999226629734, 37.83999915421009, 37.52999916113913, 33.68999924696982, 39.35999912023544, 33.68999924696982, 28.519999362528324, 35.35999920964241, 38.76999913342297, 37.39999916404486, 27.969999374821782, 22.529999496415257, 36.069999193772674, 25.78999942354858, 23.179999481886625, 31.59999929368496, 39.42999911867082, 37.95999915152788, 29.38999934308231, 37.67999915778637, 33.89999924227595, 37.14999916963279, 21.359999522566795, 39.449999118223786, 38.59999913722277, 31.67999929189682, 38.22999914549291, 33.949999241158366, 36.20999919064343, 35.5399992056191]}