{"current_episode": 3, "scores": [0.6899999845772982, 0.7699999827891588, 0.8499999810010195]}