{"current_episode": 48, "scores": [0.4599999897181988, 0.8899999801069498, 1.2499999720603228, 0.8399999812245369, 0.6199999861419201, 0.17999999597668648, 0.2699999939650297, 0.3199999928474426, 0.1599999964237213, 1.0599999763071537, 0.7099999841302633, 0.5699999872595072, 0.8599999807775021, 0.3299999926239252, 0.41999999061226845, 0.19999999552965164, 0.19999999552965164, 0.3499999921768904, 0.1699999962002039, 1.3599999696016312, 0.18999999575316906, 0.7199999839067459, 0.7099999841302633, 0.25999999418854713, 0.0, 1.4199999682605267, 0.8599999807775021, 0.5999999865889549, 0.0, 0.5699999872595072, 0.6799999848008156, 0.7799999825656414, 0.3999999910593033, 0.9899999778717756, 0.5899999868124723, 0.549999987706542, 0.05999999865889549, 0.2199999950826168, 0.8099999818950891, 0.5299999881535769, 0.03999999910593033, 0.2699999939650297, 1.099999975413084, 0.42999999038875103, 0.8999999798834324, 0.5399999879300594, 0.0, 0.6999999843537807]}