{"current_episode": 186, "scores": [0.8274999815039337, 0.6564999853260816, 0.7434999833814799, 0.7864999824203551, 0.5404999879188835, 0.8214999816380442, 0.8719999805092812, 0.7904999823309481, 0.8029999820515513, 0.8379999812692404, 0.956499978620559, 0.8964999799616635, 0.82099998164922, 0.8734999804757535, 0.9289999792352319, 1.0619999762624501, 0.9614999785088003, 0.8119999818503857, 0.7424999834038317, 0.8619999807327986, 1.0189999772235752, 0.7984999821521341, 0.7819999825209379, 0.8534999809227883, 0.6799999848008156, 0.4134999907575548, 0.9649999784305692, 1.041999976709485, 1.0294999769888817, 0.995499977748841, 0.8649999806657434, 0.9344999791122973, 0.8794999803416431, 1.0204999771900476, 0.9519999787211418, 0.7674999828450382, 1.1284999747760593, 0.8934999800287187, 0.7999999821186066, 0.7229999838396907, 0.8729999804869294, 0.7459999833256006, 0.6949999844655395, 0.9164999795146287, 0.8854999802075326, 0.8914999800734222, 0.8479999810457229, 0.805499981995672, 0.9889999778941274, 0.8839999802410603, 0.7324999836273491, 0.8959999799728393, 0.7639999829232693, 0.8214999816380442, 0.8709999805316329, 0.9109999796375632, 0.8889999801293016, 0.6454999855719507, 0.9514999787323177, 0.7859999824315309, 0.7719999827444554, 0.8639999806880951, 1.0669999761506914, 1.0009999776259064, 0.774499982688576, 0.9199999794363976, 0.8689999805763364, 0.7879999823868274, 0.778499982599169, 0.7414999834261835, 0.8719999805092812, 0.8049999820068479, 0.8924999800510705, 1.0244999771006404, 0.7469999833032489, 0.9259999793022871, 0.9014999798499048, 1.029999976977706, 0.8669999806210399, 0.9029999798163771, 0.956499978620559, 0.8524999809451401, 0.7779999826103449, 0.8974999799393117, 0.95299997869879, 0.7034999842755496, 0.9104999796487391, 0.9374999790452421, 0.9734999782405793, 0.8219999816268683, 0.8539999809116126, 0.9919999778270722, 0.9244999793358147, 0.971999978274107, 0.8464999810792506, 0.9329999791458249, 1.0194999772123992, 0.9119999796152115, 0.9194999794475734, 0.9204999794252217, 0.9994999776594341, 0.9129999795928597, 0.7904999823309481, 0.7129999840632081, 0.8339999813586474, 1.0304999769665302, 1.022499977145344, 0.8039999820291996, 0.9129999795928597, 0.8819999802857638, 0.8834999802522361, 0.8734999804757535, 0.8904999800957739, 0.8289999814704061, 0.9209999794140458, 1.1354999746195973, 0.9439999788999558, 0.9314999791793526, 0.9649999784305692, 0.7284999837167561, 0.9459999788552522, 1.0319999769330024, 0.909999979659915, 0.6704999850131571, 1.104499975312501, 0.8599999807775021, 0.758999983035028, 0.6564999853260816, 1.0949999755248427, 0.9114999796263874, 0.8534999809227883, 0.9664999783970416, 0.8624999807216227, 0.7409999834373593, 0.7604999830015003, 1.0024999775923789, 0.6614999852143228, 0.867499980609864, 0.9829999780282378, 0.8304999814368784, 0.8274999815039337, 0.9819999780505896, 0.8959999799728393, 0.8349999813362956, 0.7934999822638928, 0.7324999836273491, 1.0089999774470926, 1.1199999749660492, 0.9384999790228903, 0.7264999837614596, 0.8184999817050993, 0.9944999777711928, 0.8724999804981053, 0.8859999801963567, 0.9309999791905283, 1.1944999733008443, 0.9579999785870313, 0.9079999797046184, 0.9169999795034528, 1.0124999773688614, 0.8989999799057842, 1.0049999775364995, 0.9434999789111316, 0.8434999811463058, 0.782499982509762, 0.9919999778270722, 0.960499978531152, 0.7694999828003347, 0.8579999808222055, 0.7809999825432896, 1.0514999764971436, 0.8064999819733203, 0.8084999819286167, 0.7614999829791487, 0.9669999783858657, 0.9304999792017042, 0.8744999804534018, 0.902499979827553, 0.5194999883882702, 0.3264999927021563, 0.3954999911598861, 0.6849999846890569, 0.8529999809339642, 0.9809999780729413, 0.685499984677881, 0.7884999823756516, 1.0279999770224095, 0.9909999778494238]}