{"current_episode": 66, "scores": [0.4499999899417162, 1.9899999555200338, 0.8599999807775021, 1.1099999751895666, 1.4999999664723873, 5.259999882429838, 1.3199999704957008, 2.489999944344163, 0.7499999832361937, 1.3699999693781137, 2.489999944344163, 0.4399999901652336, 0.0, 0.7699999827891588, 0.0, 1.1199999749660492, 1.4499999675899744, 0.5799999870359898, 0.8699999805539846, 2.2199999503791332, 0.29999999329447746, 0.5199999883770943, 1.81999995931983, 1.2599999718368053, 2.3599999472498894, 3.63999991863966, 1.269999971613288, 1.0799999758601189, 0.789999982342124, 3.1699999291449785, 3.279999926686287, 0.42999999038875103, 3.4299999233335257, 1.4499999675899744, 2.1199999526143074, 0.9399999789893627, 1.959999956190586, 2.349999947473407, 0.5099999886006117, 0.18999999575316906, 2.579999942332506, 1.4299999680370092, 1.4499999675899744, 1.3299999702721834, 1.3099999707192183, 1.5899999644607306, 1.2499999720603228, 1.9299999568611383, 1.1599999740719795, 0.35999999195337296, 2.3099999483674765, 1.7499999608844519, 0.42999999038875103, 0.40999999083578587, 1.1799999736249447, 0.8899999801069498, 0.4999999888241291, 1.4199999682605267, 1.50999996624887, 1.3699999693781137, 1.169999973848462, 1.5399999655783176, 1.8099999595433474, 1.0499999765306711, 0.8199999816715717, 0.3999999910593033]}