{"current_episode": 24, "scores": [0.36999999172985554, 0.0, 0.5899999868124723, 0.669999985024333, 0.9599999785423279, 1.9799999557435513, 0.09999999776482582, 1.5599999651312828, 1.269999971613288, 0.2799999937415123, 2.0899999532848597, 0.909999979659915, 0.2199999950826168, 1.0699999760836363, 0.7599999830126762, 0.5299999881535769, 1.339999970048666, 0.8199999816715717, 0.5899999868124723, 0.669999985024333, 0.6399999856948853, 1.4799999669194221, 1.1899999734014273, 0.1699999962002039]}