{"current_episode": 60, "scores": [0.5799999870359898, 1.3599999696016312, 1.5399999655783176, 1.0099999774247408, 0.2799999937415123, 1.6699999626725912, 0.8099999818950891, 0.0, 0.0, 0.23999999463558197, 0.4499999899417162, 0.2199999950826168, 0.2699999939650297, 0.19999999552965164, 0.0, 0.0, 0.5299999881535769, 0.6099999863654375, 0.6599999852478504, 0.6199999861419201, 0.13999999687075615, 0.35999999195337296, 0.05999999865889549, 0.7299999836832285, 0.9699999783188105, 0.42999999038875103, 0.2299999948590994, 1.1599999740719795, 0.8699999805539846, 1.6699999626725912, 0.6299999859184027, 2.5699999425560236, 1.029999976977706, 1.3499999698251486, 1.0599999763071537, 0.5599999874830246, 0.6599999852478504, 0.4899999890476465, 0.7299999836832285, 0.3199999928474426, 1.0499999765306711, 0.36999999172985554, 0.549999987706542, 0.2899999935179949, 1.2499999720603228, 0.4899999890476465, 0.6099999863654375, 0.6499999854713678, 0.8899999801069498, 0.6299999859184027, 0.6199999861419201, 0.08999999798834324, 0.8799999803304672, 1.269999971613288, 1.4299999680370092, 1.219999972730875, 0.6399999856948853, 1.1799999736249447, 0.3799999915063381, 1.149999974295497]}