{"current_episode": 57, "scores": [0.7834999824874103, 0.8724999804981053, 0.9774999781511724, 1.0094999774359166, 0.8329999813809991, 0.8509999809786677, 1.2094999729655682, 1.0234999771229922, 0.7749999826774001, 0.8139999818056822, 0.8204999816603958, 0.9999999776482582, 1.0434999766759574, 0.7539999831467867, 0.7179999839514494, 1.017999977245927, 0.6939999844878912, 0.886499980185181, 0.7819999825209379, 0.8644999806769192, 0.855999980866909, 0.8819999802857638, 0.9109999796375632, 0.7884999823756516, 1.0619999762624501, 0.82099998164922, 0.9264999792911113, 0.9924999778158963, 0.7904999823309481, 0.7069999841973186, 0.8469999810680747, 0.9259999793022871, 0.8824999802745879, 0.9869999779388309, 0.7654999828897416, 0.9999999776482582, 0.9064999797381461, 1.0059999775141477, 0.8614999807439745, 1.0674999761395156, 0.9479999788105488, 0.9779999781399965, 0.9924999778158963, 0.7944999822415412, 0.9279999792575836, 0.925499979313463, 1.1094999752007424, 0.8804999803192913, 0.7914999823085964, 0.82099998164922, 0.7299999836832285, 0.9054999797604978, 0.968499978352338, 1.0099999774247408, 0.704999984242022, 0.8329999813809991, 0.9724999782629311, 0.9394999790005386]}